<?xml version="1.0"?>
<doc>
    <assembly>
        <name>NordAPI.Swish</name>
    </assembly>
    <members>
        <member name="M:NordAPI.Swish.DependencyInjection.SwishServiceCollectionExtensions.AddSwishClient(Microsoft.Extensions.DependencyInjection.IServiceCollection,System.Action{NordAPI.Swish.SwishOptions},System.Security.Cryptography.X509Certificates.X509Certificate2)">
            <summary>
            Registrerar ISwishClient med HttpClientFactory.
            Använd <paramref name="configure"/> för att fylla SwishOptions.
            Valfritt: ange <paramref name="clientCertificate"/> för mTLS.
            </summary>
        </member>
        <member name="T:NordAPI.Swish.Security.Http.ClientCertificateHandler">
            <summary>
            HttpClientHandler som bifogar ett klientcertifikat (mTLS).
            </summary>
        </member>
        <member name="T:NordAPI.Swish.Security.Http.HmacSigningHandler">
            <summary>
            DelegatingHandler som lägger på HMAC-signatur + tidsstämpel + nonce för varje request.
            Canonical: METHOD\nPATH?QUERY\nTIMESTAMP\nNONCE\nBODY
            </summary>
        </member>
        <member name="T:NordAPI.Swish.Security.Http.MtlsHttpHandler">
            <summary>
            HttpClientHandler som bifogar klientcertifikat (mTLS).
            OBS: Dev-läget (skippa servercert-validering) är tillåtet endast i DEBUG.
            </summary>
        </member>
        <member name="T:NordAPI.Swish.Security.Http.RateLimitingHandler">
            <summary>
            Begränsar antal samtidiga anrop och/eller minsta tid mellan anrop.
            </summary>
        </member>
        <member name="T:NordAPI.Swish.Security.Webhooks.InMemoryNonceStore">
            <summary>
            Enkel in-memory nonce-store med TTL. Trådsäker. För produktion kan man byta till Redis/DB.
            </summary>
        </member>
        <member name="T:NordAPI.Swish.Security.Webhooks.ISwishNonceStore">
            <summary>
            Lagrar inkommande nonces så att samma meddelande inte kan spelas upp igen (replay).
            Returnerar true om noncen var ny och registrerades, annars false (replay).
            </summary>
        </member>
        <member name="P:NordAPI.Swish.Security.Webhooks.SwishWebhookVerifierOptions.SharedSecret">
            <summary>Delad hemlighet för HMAC-signaturen.</summary>
        </member>
        <member name="P:NordAPI.Swish.Security.Webhooks.SwishWebhookVerifierOptions.AllowedClockSkew">
            <summary>Maximal klock-avvikelse som tolereras.</summary>
        </member>
        <member name="P:NordAPI.Swish.Security.Webhooks.SwishWebhookVerifierOptions.MaxMessageAge">
            <summary>Maximal ålder på meddelandet.</summary>
        </member>
        <member name="P:NordAPI.Swish.Security.Webhooks.SwishWebhookVerifierOptions.SignatureHeaderName">
            <summary>Namn på header som innehåller signaturen (Base64).</summary>
        </member>
        <member name="P:NordAPI.Swish.Security.Webhooks.SwishWebhookVerifierOptions.TimestampHeaderName">
            <summary>Namn på header med UTC-timestamp (RFC3339/ISO8601).</summary>
        </member>
        <member name="P:NordAPI.Swish.Security.Webhooks.SwishWebhookVerifierOptions.NonceHeaderName">
            <summary>Namn på header med unik nonce (GUID/sträng).</summary>
        </member>
        <member name="P:NordAPI.Swish.SwishCertificateOptions.PfxPath">
            <summary>Full path till en PFX-fil (lokalt/dev).</summary>
        </member>
        <member name="P:NordAPI.Swish.SwishCertificateOptions.PfxPassword">
            <summary>Lösenord för PFX-filen.</summary>
        </member>
        <member name="P:NordAPI.Swish.SwishCertificateOptions.Certificate">
            <summary>Om du redan har laddat certet externt.</summary>
        </member>
        <member name="P:NordAPI.Swish.SwishCertificateOptions.AllowInvalidChainForDev">
            <summary>
            Om sant: tillåt även privata nycklar i icke-exportabla contexts (t.ex. CNG).
            </summary>
        </member>
        <member name="M:NordAPI.Swish.SwishClient.SendWithPolicyAsync``1(System.Net.Http.HttpRequestMessage,System.Boolean,System.Threading.CancellationToken)">
            <summary>
            Central HTTP-helper som sätter Idempotency-Key för create, hanterar retry på transienta fel
            och mappar felkoder till våra SwishException-typer.
            </summary>
        </member>
        <member name="P:NordAPI.Swish.SwishOptions.BaseAddress">
            <summary>Bas-URL till Swish API (eller stub/testmiljö).</summary>
        </member>
        <member name="P:NordAPI.Swish.SwishOptions.ApiKey">
            <summary>Publik nyckel/identifierare för HMAC.</summary>
        </member>
        <member name="P:NordAPI.Swish.SwishOptions.Secret">
            <summary>Delad hemlighet för HMAC-signering.</summary>
        </member>
        <member name="P:NordAPI.Swish.SwishOptions.Timeout">
            <summary>Valfri timeout för HttpClient (om du vill använda den senare).</summary>
        </member>
        <member name="M:NordAPI.Swish.Webhooks.ISwishNonceStore.SeenRecentlyAsync(System.String,System.DateTimeOffset,System.TimeSpan,System.Threading.CancellationToken)">
            <summary>
            Returnerar true om noncen redan setts inom "window", annars false och markerar den som sedd.
            </summary>
        </member>
        <member name="T:NordAPI.Swish.Webhooks.WebhookSignatureVerifier">
            <summary>
            Verifierar en webhook-signatur baserat på timestamp och body.
            Canonical: "{timestamp}\n{body}"
            </summary>
        </member>
    </members>
</doc>
